province_code,date,title,prize_codes,prize_order
KH79,3-1-2024,G8,05,0
KH79,3-1-2024,G7,149,1
KH79,3-1-2024,G6,2382 2792 4208,2
KH79,3-1-2024,G5,8245,3
KH79,3-1-2024,G4,63299 56199 75451 91296 84922 22211 67748,4
KH79,3-1-2024,G3,23577 42214,6
KH79,3-1-2024,G2,66271,7
KH79,3-1-2024,G1,90564,8
KH79,3-1-2024,ĐB,689870,9
KH79,7-1-2024,G8,34,0
KH79,7-1-2024,G7,021,1
KH79,7-1-2024,G6,9436 8081 7769,2
KH79,7-1-2024,G5,4101,3
KH79,7-1-2024,G4,77336 03171 23228 87229 85344 44723 49554,4
KH79,7-1-2024,G3,08769 98649,6
KH79,7-1-2024,G2,79962,7
KH79,7-1-2024,G1,94557,8
KH79,7-1-2024,ĐB,657289,9
KH79,10-1-2024,G8,39,0
KH79,10-1-2024,G7,344,1
KH79,10-1-2024,G6,7161 0215 3882,2
KH79,10-1-2024,G5,1488,3
KH79,10-1-2024,G4,37431 82023 14376 19492 84291 08573 21075,4
KH79,10-1-2024,G3,15651 85802,6
KH79,10-1-2024,G2,69411,7
KH79,10-1-2024,G1,97408,8
KH79,10-1-2024,ĐB,982711,9
KH79,13-12-2023,G8,95,0
KH79,13-12-2023,G7,323,1
KH79,13-12-2023,G6,6164 1882 7845,2
KH79,13-12-2023,G5,5567,3
KH79,13-12-2023,G4,49414 95257 78023 28605 09683 57770 13122,4
KH79,13-12-2023,G3,92789 15797,6
KH79,13-12-2023,G2,36437,7
KH79,13-12-2023,G1,35275,8
KH79,13-12-2023,ĐB,700962,9
KH79,14-1-2024,G8,20,0
KH79,14-1-2024,G7,575,1
KH79,14-1-2024,G6,5816 6888 7414,2
KH79,14-1-2024,G5,8631,3
KH79,14-1-2024,G4,83278 84794 61856 63822 51795 62188 53838,4
KH79,14-1-2024,G3,31075 18577,6
KH79,14-1-2024,G2,80012,7
KH79,14-1-2024,G1,62182,8
KH79,14-1-2024,ĐB,852112,9
KH79,17-1-2024,G8,58,0
KH79,17-1-2024,G7,116,1
KH79,17-1-2024,G6,4783 0210 4172,2
KH79,17-1-2024,G5,7871,3
KH79,17-1-2024,G4,52123 87312 31236 06495 48869 91420 73087,4
KH79,17-1-2024,G3,62856 31058,6
KH79,17-1-2024,G2,13475,7
KH79,17-1-2024,G1,06180,8
KH79,17-1-2024,ĐB,066469,9
KH79,21-1-2024,G8,93,0
KH79,21-1-2024,G7,552,1
KH79,21-1-2024,G6,2921 2593 9026,2
KH79,21-1-2024,G5,8873,3
KH79,21-1-2024,G4,83537 51007 45299 18553 81287 00662 94656,4
KH79,21-1-2024,G3,45995 46843,6
KH79,21-1-2024,G2,87142,7
KH79,21-1-2024,G1,80257,8
KH79,21-1-2024,ĐB,326998,9
KH79,24-1-2024,G8,40,0
KH79,24-1-2024,G7,016,1
KH79,24-1-2024,G6,6412 3626 3463,2
KH79,24-1-2024,G5,0481,3
KH79,24-1-2024,G4,84488 19649 88401 80324 93667 24395 05974,4
KH79,24-1-2024,G3,12980 57413,6
KH79,24-1-2024,G2,13733,7
KH79,24-1-2024,G1,83610,8
KH79,24-1-2024,ĐB,097951,9
KH79,28-1-2024,G8,66,0
KH79,28-1-2024,G7,137,1
KH79,28-1-2024,G6,3759 0444 1589,2
KH79,28-1-2024,G5,8409,3
KH79,28-1-2024,G4,27262 50929 45324 38391 01865 50176 96931,4
KH79,28-1-2024,G3,95984 60025,6
KH79,28-1-2024,G2,82568,7
KH79,28-1-2024,G1,42734,8
KH79,28-1-2024,ĐB,075089,9
KH79,31-1-2024,G8,43,0
KH79,31-1-2024,G7,306,1
KH79,31-1-2024,G6,9327 6358 1878,2
KH79,31-1-2024,G5,7986,3
KH79,31-1-2024,G4,07781 03565 03365 69419 13417 53466 72224,4
KH79,31-1-2024,G3,46852 85169,6
KH79,31-1-2024,G2,95209,7
KH79,31-1-2024,G1,17301,8
KH79,31-1-2024,ĐB,878327,9
KH79,4-2-2024,G8,36,0
KH79,4-2-2024,G7,422,1
KH79,4-2-2024,G6,2430 6634 9691,2
KH79,4-2-2024,G5,3993,3
KH79,4-2-2024,G4,65146 39860 73244 74402 51580 62490 95009,4
KH79,4-2-2024,G3,55438 71877,6
KH79,4-2-2024,G2,97467,7
KH79,4-2-2024,G1,86128,8
KH79,4-2-2024,ĐB,008488,9
KH79,7-2-2024,G8,75,0
KH79,7-2-2024,G7,292,1
KH79,7-2-2024,G6,5616 6320 1374,2
KH79,7-2-2024,G5,3168,3
KH79,7-2-2024,G4,80315 67568 31199 07542 88966 59470 16631,4
KH79,7-2-2024,G3,31490 15893,6
KH79,7-2-2024,G2,96997,7
KH79,7-2-2024,G1,87240,8
KH79,7-2-2024,ĐB,125098,9
KH79,11-2-2024,G8,98,0
KH79,11-2-2024,G7,572,1
KH79,11-2-2024,G6,0932 1708 0202,2
KH79,11-2-2024,G5,9334,3
KH79,11-2-2024,G4,97673 26379 69224 94866 30623 57811 29048,4
KH79,11-2-2024,G3,43684 00037,6
KH79,11-2-2024,G2,72446,7
KH79,11-2-2024,G1,15341,8
KH79,11-2-2024,ĐB,881049,9
KH79,14-2-2024,G8,87,0
KH79,14-2-2024,G7,330,1
KH79,14-2-2024,G6,6403 2051 1271,2
KH79,14-2-2024,G5,1213,3
KH79,14-2-2024,G4,14962 08176 17189 01582 07424 20768 25733,4
KH79,14-2-2024,G3,16707 86246,6
KH79,14-2-2024,G2,68611,7
KH79,14-2-2024,G1,68831,8
KH79,14-2-2024,ĐB,611547,9
KH79,18-2-2024,G8,30,0
KH79,18-2-2024,G7,560,1
KH79,18-2-2024,G6,8276 8989 3964,2
KH79,18-2-2024,G5,9945,3
KH79,18-2-2024,G4,25227 14820 04973 02259 01948 14335 00406,4
KH79,18-2-2024,G3,13810 07635,6
KH79,18-2-2024,G2,01875,7
KH79,18-2-2024,G1,68374,8
KH79,18-2-2024,ĐB,195624,9
KH79,21-2-2024,G8,01,0
KH79,21-2-2024,G7,527,1
KH79,21-2-2024,G6,0786 0917 1979,2
KH79,21-2-2024,G5,4674,3
KH79,21-2-2024,G4,01639 45273 63543 47778 08796 21887 43138,4
KH79,21-2-2024,G3,96187 83915,6
KH79,21-2-2024,G2,92146,7
KH79,21-2-2024,G1,08287,8
KH79,21-2-2024,ĐB,454123,9
KH79,25-2-2024,G8,13,0
KH79,25-2-2024,G7,515,1
KH79,25-2-2024,G6,3805 6374 6658,2
KH79,25-2-2024,G5,2681,3
KH79,25-2-2024,G4,29164 92765 26820 07679 33160 25728 39535,4
KH79,25-2-2024,G3,00632 68313,6
KH79,25-2-2024,G2,09515,7
KH79,25-2-2024,G1,33864,8
KH79,25-2-2024,ĐB,057576,9
KH79,28-2-2024,G8,47,0
KH79,28-2-2024,G7,054,1
KH79,28-2-2024,G6,9294 5261 0376,2
KH79,28-2-2024,G5,3032,3
KH79,28-2-2024,G4,41559 64798 00259 20075 08644 56602 90932,4
KH79,28-2-2024,G3,16139 33695,6
KH79,28-2-2024,G2,61241,7
KH79,28-2-2024,G1,74216,8
KH79,28-2-2024,ĐB,944394,9
KH79,6-3-2024,G8,72,0
KH79,6-3-2024,G7,640,1
KH79,6-3-2024,G6,1901 1777 9503,2
KH79,6-3-2024,G5,5873,3
KH79,6-3-2024,G4,56814 41500 56393 46194 63914 95066 96021,4
KH79,6-3-2024,G3,66197 77725,6
KH79,6-3-2024,G2,10895,7
KH79,6-3-2024,G1,49418,8
KH79,6-3-2024,ĐB,045366,9
KH79,3-3-2024,G8,45,0
KH79,3-3-2024,G7,857,1
KH79,3-3-2024,G6,0977 6395 8414,2
KH79,3-3-2024,G5,7499,3
KH79,3-3-2024,G4,09622 77624 71597 50662 25735 40551 90671,4
KH79,3-3-2024,G3,52607 96328,6
KH79,3-3-2024,G2,92186,7
KH79,3-3-2024,G1,82786,8
KH79,3-3-2024,ĐB,659894,9
KH79,10-3-2024,G8,36,0
KH79,10-3-2024,G7,825,1
KH79,10-3-2024,G6,5186 2529 4201,2
KH79,10-3-2024,G5,2515,3
KH79,10-3-2024,G4,99025 09139 87914 03680 09547 95348 85084,4
KH79,10-3-2024,G3,77985 22934,6
KH79,10-3-2024,G2,32223,7
KH79,10-3-2024,G1,06866,8
KH79,10-3-2024,ĐB,937534,9
KH79,17-3-2024,G8,03,0
KH79,17-3-2024,G7,339,1
KH79,17-3-2024,G6,1320 6907 2178,2
KH79,17-3-2024,G5,5489,3
KH79,17-3-2024,G4,02938 67525 36171 30314 23654 67002 66163,4
KH79,17-3-2024,G3,64520 34414,6
KH79,17-3-2024,G2,32694,7
KH79,17-3-2024,G1,88448,8
KH79,17-3-2024,ĐB,497602,9
KH79,20-3-2024,G8,50,0
KH79,20-3-2024,G7,725,1
KH79,20-3-2024,G6,8998 4155 9621,2
KH79,20-3-2024,G5,1245,3
KH79,20-3-2024,G4,88697 57438 88870 07298 01891 31377 16046,4
KH79,20-3-2024,G3,03045 94840,6
KH79,20-3-2024,G2,39028,7
KH79,20-3-2024,G1,40267,8
KH79,20-3-2024,ĐB,938059,9
KH79,24-3-2024,G8,16,0
KH79,24-3-2024,G7,339,1
KH79,24-3-2024,G6,8274 6397 5360,2
KH79,24-3-2024,G5,0620,3
KH79,24-3-2024,G4,34365 11011 29706 72307 24179 28765 95735,4
KH79,24-3-2024,G3,57683 73338,6
KH79,24-3-2024,G2,65417,7
KH79,24-3-2024,G1,66312,8
KH79,24-3-2024,ĐB,554694,9
KH79,27-3-2024,G8,83,0
KH79,27-3-2024,G7,303,1
KH79,27-3-2024,G6,5771 8601 5321,2
KH79,27-3-2024,G5,0061,3
KH79,27-3-2024,G4,66352 06727 37744 56052 10983 76759 98122,4
KH79,27-3-2024,G3,21080 36638,6
KH79,27-3-2024,G2,93241,7
KH79,27-3-2024,G1,72422,8
KH79,27-3-2024,ĐB,250326,9
KH79,31-3-2024,G8,82,0
KH79,31-3-2024,G7,240,1
KH79,31-3-2024,G6,2133 0881 2310,2
KH79,31-3-2024,G5,7515,3
KH79,31-3-2024,G4,79740 45290 31863 88880 00604 39396 58006,4
KH79,31-3-2024,G3,31772 04960,6
KH79,31-3-2024,G2,92665,7
KH79,31-3-2024,G1,19088,8
KH79,31-3-2024,ĐB,210815,9
KH79,3-4-2024,G8,70,0
KH79,3-4-2024,G7,859,1
KH79,3-4-2024,G6,3938 9581 0706,2
KH79,3-4-2024,G5,7909,3
KH79,3-4-2024,G4,95154 70845 25808 95598 38980 94648 75675,4
KH79,3-4-2024,G3,92325 16228,6
KH79,3-4-2024,G2,55150,7
KH79,3-4-2024,G1,01791,8
KH79,3-4-2024,ĐB,376716,9
KH79,7-4-2024,G8,78,0
KH79,7-4-2024,G7,811,1
KH79,7-4-2024,G6,7471 8401 5354,2
KH79,7-4-2024,G5,8297,3
KH79,7-4-2024,G4,85216 48697 42870 73019 16547 06113 40138,4
KH79,7-4-2024,G3,40923 85849,6
KH79,7-4-2024,G2,62429,7
KH79,7-4-2024,G1,91844,8
KH79,7-4-2024,ĐB,508281,9
KH79,10-4-2024,G8,22,0
KH79,10-4-2024,G7,427,1
KH79,10-4-2024,G6,6143 9713 8380,2
KH79,10-4-2024,G5,2222,3
KH79,10-4-2024,G4,02513 42784 54849 92229 68425 17801 30652,4
KH79,10-4-2024,G3,61385 14283,6
KH79,10-4-2024,G2,24687,7
KH79,10-4-2024,G1,90794,8
KH79,10-4-2024,ĐB,182714,9
KH79,14-4-2024,G8,01,0
KH79,14-4-2024,G7,351,1
KH79,14-4-2024,G6,8557 0923 3565,2
KH79,14-4-2024,G5,0365,3
KH79,14-4-2024,G4,70016 40689 41806 42586 58812 54266 52441,4
KH79,14-4-2024,G3,74158 70097,6
KH79,14-4-2024,G2,07357,7
KH79,14-4-2024,G1,64599,8
KH79,14-4-2024,ĐB,473105,9
KH79,21-4-2024,G8,71,0
KH79,21-4-2024,G7,145,1
KH79,21-4-2024,G6,0503 5307 4010,2
KH79,21-4-2024,G5,6122,3
KH79,21-4-2024,G4,61471 42185 72739 39051 63788 42453 49378,4
KH79,21-4-2024,G3,53015 79895,6
KH79,21-4-2024,G2,56741,7
KH79,21-4-2024,G1,08666,8
KH79,21-4-2024,ĐB,615582,9
KH79,24-4-2024,G8,05,0
KH79,24-4-2024,G7,463,1
KH79,24-4-2024,G6,8059 1121 8406,2
KH79,24-4-2024,G5,0263,3
KH79,24-4-2024,G4,24797 69979 61652 52893 92653 03905 88137,4
KH79,24-4-2024,G3,31764 93711,6
KH79,24-4-2024,G2,49955,7
KH79,24-4-2024,G1,37738,8
KH79,24-4-2024,ĐB,862862,9
KH79,28-4-2024,G8,68,0
KH79,28-4-2024,G7,230,1
KH79,28-4-2024,G6,7221 9368 0733,2
KH79,28-4-2024,G5,5194,3
KH79,28-4-2024,G4,42835 21521 37930 00826 33550 92100 98962,4
KH79,28-4-2024,G3,73119 64036,6
KH79,28-4-2024,G2,85874,7
KH79,28-4-2024,G1,19874,8
KH79,28-4-2024,ĐB,014259,9
KH79,1-5-2024,G8,02,0
KH79,1-5-2024,G7,823,1
KH79,1-5-2024,G6,0615 5539 6274,2
KH79,1-5-2024,G5,6972,3
KH79,1-5-2024,G4,20644 99177 77616 98745 53372 24576 70708,4
KH79,1-5-2024,G3,76313 74509,6
KH79,1-5-2024,G2,93371,7
KH79,1-5-2024,G1,41026,8
KH79,1-5-2024,ĐB,846835,9
KH79,5-5-2024,G8,99,0
KH79,5-5-2024,G7,662,1
KH79,5-5-2024,G6,5891 0155 9660,2
KH79,5-5-2024,G5,2433,3
KH79,5-5-2024,G4,31542 19625 46707 68415 55146 28062 08743,4
KH79,5-5-2024,G3,78645 26516,6
KH79,5-5-2024,G2,51587,7
KH79,5-5-2024,G1,93932,8
KH79,5-5-2024,ĐB,300892,9
KH79,12-5-2024,G8,42,0
KH79,12-5-2024,G7,422,1
KH79,12-5-2024,G6,6759 1156 1636,2
KH79,12-5-2024,G5,4966,3
KH79,12-5-2024,G4,83982 69176 08056 29710 45718 19143 64764,4
KH79,12-5-2024,G3,41565 29865,6
KH79,12-5-2024,G2,76408,7
KH79,12-5-2024,G1,39521,8
KH79,12-5-2024,ĐB,293762,9
KH79,8-5-2024,G8,23,0
KH79,8-5-2024,G7,803,1
KH79,8-5-2024,G6,7080 8393 4653,2
KH79,8-5-2024,G5,3755,3
KH79,8-5-2024,G4,84856 29929 45998 44405 39904 31729 76944,4
KH79,8-5-2024,G3,02666 16854,6
KH79,8-5-2024,G2,96078,7
KH79,8-5-2024,G1,85209,8
KH79,8-5-2024,ĐB,136971,9
KH79,15-5-2024,G8,00,0
KH79,15-5-2024,G7,682,1
KH79,15-5-2024,G6,5479 5582 9976,2
KH79,15-5-2024,G5,3127,3
KH79,15-5-2024,G4,15214 15989 09343 44446 81217 36222 08386,4
KH79,15-5-2024,G3,92375 59315,6
KH79,15-5-2024,G2,14039,7
KH79,15-5-2024,G1,08006,8
KH79,15-5-2024,ĐB,861225,9
KH79,19-5-2024,G8,39,0
KH79,19-5-2024,G7,425,1
KH79,19-5-2024,G6,7919 3574 2056,2
KH79,19-5-2024,G5,3538,3
KH79,19-5-2024,G4,75272 79848 81975 67348 91011 67044 00610,4
KH79,19-5-2024,G3,58839 94058,6
KH79,19-5-2024,G2,38556,7
KH79,19-5-2024,G1,15570,8
KH79,19-5-2024,ĐB,298117,9
KH79,22-5-2024,G8,01,0
KH79,22-5-2024,G7,657,1
KH79,22-5-2024,G6,3916 7719 9904,2
KH79,22-5-2024,G5,3815,3
KH79,22-5-2024,G4,36423 29143 84044 27784 45861 20252 99028,4
KH79,22-5-2024,G3,14607 73089,6
KH79,22-5-2024,G2,30175,7
KH79,22-5-2024,G1,38925,8
KH79,22-5-2024,ĐB,890557,9
KH79,26-5-2024,G8,79,0
KH79,26-5-2024,G7,285,1
KH79,26-5-2024,G6,5196 3481 3243,2
KH79,26-5-2024,G5,8751,3
KH79,26-5-2024,G4,98918 21097 92334 65407 28483 25384 85512,4
KH79,26-5-2024,G3,02839 96116,6
KH79,26-5-2024,G2,85452,7
KH79,26-5-2024,G1,83429,8
KH79,26-5-2024,ĐB,051987,9
KH79,2-6-2024,G8,34,0
KH79,2-6-2024,G7,422,1
KH79,2-6-2024,G6,9123 8720 3539,2
KH79,2-6-2024,G5,8751,3
KH79,2-6-2024,G4,28421 40072 95592 37620 68406 76710 05247,4
KH79,2-6-2024,G3,58346 75275,6
KH79,2-6-2024,G2,61804,7
KH79,2-6-2024,G1,55513,8
KH79,2-6-2024,ĐB,084132,9
KH79,5-6-2024,G8,98,0
KH79,5-6-2024,G7,418,1
KH79,5-6-2024,G6,3195 1167 0278,2
KH79,5-6-2024,G5,4769,3
KH79,5-6-2024,G4,45677 27647 42031 16608 45285 53304 48394,4
KH79,5-6-2024,G3,13038 94150,6
KH79,5-6-2024,G2,20908,7
KH79,5-6-2024,G1,76366,8
KH79,5-6-2024,ĐB,206039,9
KH79,9-6-2024,G8,22,0
KH79,9-6-2024,G7,937,1
KH79,9-6-2024,G6,0050 8918 5702,2
KH79,9-6-2024,G5,2747,3
KH79,9-6-2024,G4,88096 09398 75555 68340 44903 34139 53589,4
KH79,9-6-2024,G3,87560 34287,6
KH79,9-6-2024,G2,62907,7
KH79,9-6-2024,G1,68310,8
KH79,9-6-2024,ĐB,720703,9
KH79,12-6-2024,G8,78,0
KH79,12-6-2024,G7,657,1
KH79,12-6-2024,G6,5443 6402 7710,2
KH79,12-6-2024,G5,8414,3
KH79,12-6-2024,G4,45383 48590 51721 94444 22781 75101 81247,4
KH79,12-6-2024,G3,50957 41738,6
KH79,12-6-2024,G2,78547,7
KH79,12-6-2024,G1,04189,8
KH79,12-6-2024,ĐB,268689,9
KH79,16-6-2024,G8,42,0
KH79,16-6-2024,G7,620,1
KH79,16-6-2024,G6,2633 6973 9013,2
KH79,16-6-2024,G5,4876,3
KH79,16-6-2024,G4,73401 12082 61136 51238 71154 11014 74719,4
KH79,16-6-2024,G3,43477 49775,6
KH79,16-6-2024,G2,37145,7
KH79,16-6-2024,G1,88134,8
KH79,16-6-2024,ĐB,168831,9
KH79,19-6-2024,G8,97,0
KH79,19-6-2024,G7,630,1
KH79,19-6-2024,G6,2006 0062 5217,2
KH79,19-6-2024,G5,2788,3
KH79,19-6-2024,G4,49538 50361 69124 03791 73475 85951 34984,4
KH79,19-6-2024,G3,07712 31442,6
KH79,19-6-2024,G2,87584,7
KH79,19-6-2024,G1,19828,8
KH79,19-6-2024,ĐB,290340,9
KH79,23-6-2024,G8,48,0
KH79,23-6-2024,G7,861,1
KH79,23-6-2024,G6,5364 4922 7534,2
KH79,23-6-2024,G5,1688,3
KH79,23-6-2024,G4,43079 74695 68343 40928 85151 01364 11342,4
KH79,23-6-2024,G3,93424 81808,6
KH79,23-6-2024,G2,53703,7
KH79,23-6-2024,G1,31961,8
KH79,23-6-2024,ĐB,019015,9
KH79,26-6-2024,G8,25,0
KH79,26-6-2024,G7,233,1
KH79,26-6-2024,G6,0358 0972 1455,2
KH79,26-6-2024,G5,1284,3
KH79,26-6-2024,G4,84922 31546 89836 87355 54897 93146 89992,4
KH79,26-6-2024,G3,70467 47672,6
KH79,26-6-2024,G2,62399,7
KH79,26-6-2024,G1,46460,8
KH79,26-6-2024,ĐB,855306,9
KH79,30-6-2024,G8,37,0
KH79,30-6-2024,G7,820,1
KH79,30-6-2024,G6,7392 8453 4011,2
KH79,30-6-2024,G5,3092,3
KH79,30-6-2024,G4,55145 06842 49119 15160 53200 46667 50065,4
KH79,30-6-2024,G3,04775 98633,6
KH79,30-6-2024,G2,63237,7
KH79,30-6-2024,G1,65734,8
KH79,30-6-2024,ĐB,204068,9
KH79,3-7-2024,G8,21,0
KH79,3-7-2024,G7,306,1
KH79,3-7-2024,G6,2726 4775 9684,2
KH79,3-7-2024,G5,8459,3
KH79,3-7-2024,G4,93632 64746 04073 09011 28883 51624 89831,4
KH79,3-7-2024,G3,65063 98305,6
KH79,3-7-2024,G2,58413,7
KH79,3-7-2024,G1,10122,8
KH79,3-7-2024,ĐB,300596,9
KH79,7-7-2024,G8,36,0
KH79,7-7-2024,G7,555,1
KH79,7-7-2024,G6,9658 9658 3767,2
KH79,7-7-2024,G5,7606,3
KH79,7-7-2024,G4,53158 29496 71820 57103 50862 94556 25681,4
KH79,7-7-2024,G3,00148 00640,6
KH79,7-7-2024,G2,33377,7
KH79,7-7-2024,G1,44544,8
KH79,7-7-2024,ĐB,268289,9
KH79,10-7-2024,G8,26,0
KH79,10-7-2024,G7,738,1
KH79,10-7-2024,G6,4241 1194 2134,2
KH79,10-7-2024,G5,5273,3
KH79,10-7-2024,G4,05815 92995 53537 59634 69976 86489 14576,4
KH79,10-7-2024,G3,08893 36465,6
KH79,10-7-2024,G2,65235,7
KH79,10-7-2024,G1,61105,8
KH79,10-7-2024,ĐB,473146,9
KH79,14-7-2024,G8,11,0
KH79,14-7-2024,G7,253,1
KH79,14-7-2024,G6,8861 0103 7238,2
KH79,14-7-2024,G5,2155,3
KH79,14-7-2024,G4,31590 59192 31359 22843 35641 09772 84411,4
KH79,14-7-2024,G3,15516 27197,6
KH79,14-7-2024,G2,08096,7
KH79,14-7-2024,G1,83216,8
KH79,14-7-2024,ĐB,530557,9
KH79,17-7-2024,G8,98,0
KH79,17-7-2024,G7,395,1
KH79,17-7-2024,G6,2062 7964 6373,2
KH79,17-7-2024,G5,9233,3
KH79,17-7-2024,G4,66806 28271 63435 10298 08799 89829 39584,4
KH79,17-7-2024,G3,13979 71713,6
KH79,17-7-2024,G2,80627,7
KH79,17-7-2024,G1,00497,8
KH79,17-7-2024,ĐB,074387,9
KH79,21-7-2024,G8,90,0
KH79,21-7-2024,G7,284,1
KH79,21-7-2024,G6,7673 0779 6808,2
KH79,21-7-2024,G5,7230,3
KH79,21-7-2024,G4,30252 77982 55493 20999 66023 88202 21091,4
KH79,21-7-2024,G3,15542 05979,6
KH79,21-7-2024,G2,15282,7
KH79,21-7-2024,G1,75397,8
KH79,21-7-2024,ĐB,465951,9
KH79,24-7-2024,G8,26,0
KH79,24-7-2024,G7,073,1
KH79,24-7-2024,G6,2176 4879 1469,2
KH79,24-7-2024,G5,9372,3
KH79,24-7-2024,G4,84666 35379 68893 30255 79626 98855 21671,4
KH79,24-7-2024,G3,13366 29308,6
KH79,24-7-2024,G2,73132,7
KH79,24-7-2024,G1,70430,8
KH79,24-7-2024,ĐB,840895,9
KH79,31-7-2024,G8,36,0
KH79,31-7-2024,G7,698,1
KH79,31-7-2024,G6,3534 0188 3398,2
KH79,31-7-2024,G5,8649,3
KH79,31-7-2024,G4,03065 06112 85561 95070 27683 15678 96621,4
KH79,31-7-2024,G3,49447 41090,6
KH79,31-7-2024,G2,85177,7
KH79,31-7-2024,G1,03190,8
KH79,31-7-2024,ĐB,004781,9
KH79,4-8-2024,G8,40,0
KH79,4-8-2024,G7,919,1
KH79,4-8-2024,G6,0278 2369 6387,2
KH79,4-8-2024,G5,7439,3
KH79,4-8-2024,G4,46784 78030 95178 69603 28331 74576 54065,4
KH79,4-8-2024,G3,18617 36482,6
KH79,4-8-2024,G2,16610,7
KH79,4-8-2024,G1,47634,8
KH79,4-8-2024,ĐB,789860,9
KH79,7-8-2024,G8,61,0
KH79,7-8-2024,G7,467,1
KH79,7-8-2024,G6,7244 5002 8988,2
KH79,7-8-2024,G5,4731,3
KH79,7-8-2024,G4,86979 78184 63711 92970 29486 53733 71379,4
KH79,7-8-2024,G3,23817 88962,6
KH79,7-8-2024,G2,70507,7
KH79,7-8-2024,G1,40848,8
KH79,7-8-2024,ĐB,701722,9
KH79,11-8-2024,G8,20,0
KH79,11-8-2024,G7,073,1
KH79,11-8-2024,G6,5288 3391 9707,2
KH79,11-8-2024,G5,1288,3
KH79,11-8-2024,G4,11460 53854 86230 17846 92498 31287 21871,4
KH79,11-8-2024,G3,28962 90873,6
KH79,11-8-2024,G2,36996,7
KH79,11-8-2024,G1,58285,8
KH79,11-8-2024,ĐB,282354,9
KH79,14-8-2024,G8,58,0
KH79,14-8-2024,G7,655,1
KH79,14-8-2024,G6,9250 0050 9418,2
KH79,14-8-2024,G5,6529,3
KH79,14-8-2024,G4,45830 45548 16285 72263 89345 85632 13447,4
KH79,14-8-2024,G3,25260 50965,6
KH79,14-8-2024,G2,99551,7
KH79,14-8-2024,G1,29126,8
KH79,14-8-2024,ĐB,216727,9
KH79,18-8-2024,G8,71,0
KH79,18-8-2024,G7,092,1
KH79,18-8-2024,G6,6958 3941 3424,2
KH79,18-8-2024,G5,9615,3
KH79,18-8-2024,G4,67533 44125 94082 53995 53886 85196 92864,4
KH79,18-8-2024,G3,00842 82669,6
KH79,18-8-2024,G2,89308,7
KH79,18-8-2024,G1,40973,8
KH79,18-8-2024,ĐB,703638,9
KH79,21-8-2024,G8,10,0
KH79,21-8-2024,G7,209,1
KH79,21-8-2024,G6,2306 6729 2629,2
KH79,21-8-2024,G5,7118,3
KH79,21-8-2024,G4,63892 94469 07699 56812 00992 79969 81685,4
KH79,21-8-2024,G3,87090 02444,6
KH79,21-8-2024,G2,12576,7
KH79,21-8-2024,G1,11838,8
KH79,21-8-2024,ĐB,295291,9
KH79,25-8-2024,G8,47,0
KH79,25-8-2024,G7,120,1
KH79,25-8-2024,G6,4740 2514 0877,2
KH79,25-8-2024,G5,9626,3
KH79,25-8-2024,G4,08255 19068 13784 59879 46773 72010 54844,4
KH79,25-8-2024,G3,59762 80353,6
KH79,25-8-2024,G2,70081,7
KH79,25-8-2024,G1,40857,8
KH79,25-8-2024,ĐB,187633,9
KH79,28-8-2024,G8,43,0
KH79,28-8-2024,G7,617,1
KH79,28-8-2024,G6,0826 7539 9694,2
KH79,28-8-2024,G5,0813,3
KH79,28-8-2024,G4,63974 94487 71635 65943 26912 51731 66987,4
KH79,28-8-2024,G3,75820 36201,6
KH79,28-8-2024,G2,97738,7
KH79,28-8-2024,G1,25728,8
KH79,28-8-2024,ĐB,642386,9
KH79,4-9-2024,G8,95,0
KH79,4-9-2024,G7,033,1
KH79,4-9-2024,G6,7192 2586 7558,2
KH79,4-9-2024,G5,9451,3
KH79,4-9-2024,G4,22228 17476 00347 94037 91901 99073 02621,4
KH79,4-9-2024,G3,18996 12403,6
KH79,4-9-2024,G2,68941,7
KH79,4-9-2024,G1,06869,8
KH79,4-9-2024,ĐB,126015,9
KH79,8-9-2024,G8,77,0
KH79,8-9-2024,G7,977,1
KH79,8-9-2024,G6,5315 9940 7812,2
KH79,8-9-2024,G5,7322,3
KH79,8-9-2024,G4,56562 42346 00001 65135 11444 90930 23254,4
KH79,8-9-2024,G3,53741 25120,6
KH79,8-9-2024,G2,90125,7
KH79,8-9-2024,G1,91512,8
KH79,8-9-2024,ĐB,616209,9
KH79,11-9-2024,G8,23,0
KH79,11-9-2024,G7,110,1
KH79,11-9-2024,G6,9357 2718 0004,2
KH79,11-9-2024,G5,9883,3
KH79,11-9-2024,G4,64830 69355 69629 82587 53417 28575 41540,4
KH79,11-9-2024,G3,90874 36844,6
KH79,11-9-2024,G2,48462,7
KH79,11-9-2024,G1,39804,8
KH79,11-9-2024,ĐB,146986,9
KH79,15-9-2024,G8,58,0
KH79,15-9-2024,G7,139,1
KH79,15-9-2024,G6,1608 2350 0509,2
KH79,15-9-2024,G5,6908,3
KH79,15-9-2024,G4,46922 12736 86536 25797 45380 99585 90460,4
KH79,15-9-2024,G3,44629 24166,6
KH79,15-9-2024,G2,07736,7
KH79,15-9-2024,G1,74009,8
KH79,15-9-2024,ĐB,683737,9
KH79,18-9-2024,G8,27,0
KH79,18-9-2024,G7,917,1
KH79,18-9-2024,G6,7133 3591 8883,2
KH79,18-9-2024,G5,3794,3
KH79,18-9-2024,G4,53695 85635 03015 05915 08053 08588 06736,4
KH79,18-9-2024,G3,86507 28803,6
KH79,18-9-2024,G2,49553,7
KH79,18-9-2024,G1,98366,8
KH79,18-9-2024,ĐB,258782,9
KH79,29-9-2024,G8,20,0
KH79,29-9-2024,G7,323,1
KH79,29-9-2024,G6,9094 7905 9900,2
KH79,29-9-2024,G5,4597,3
KH79,29-9-2024,G4,58635 75684 86004 84239 03496 87118 96408,4
KH79,29-9-2024,G3,05428 21901,6
KH79,29-9-2024,G2,70333,7
KH79,29-9-2024,G1,29487,8
KH79,29-9-2024,ĐB,854940,9
KH79,2-10-2024,G8,59,0
KH79,2-10-2024,G7,911,1
KH79,2-10-2024,G6,2503 7949 1766,2
KH79,2-10-2024,G5,1623,3
KH79,2-10-2024,G4,63298 74642 42548 30811 17000 66891 25437,4
KH79,2-10-2024,G3,83161 53810,6
KH79,2-10-2024,G2,78347,7
KH79,2-10-2024,G1,52656,8
KH79,2-10-2024,ĐB,193108,9
KH79,6-10-2024,G8,10,0
KH79,6-10-2024,G7,070,1
KH79,6-10-2024,G6,7878 2680 8094,2
KH79,6-10-2024,G5,1229,3
KH79,6-10-2024,G4,34332 17771 27005 06299 84680 12282 77033,4
KH79,6-10-2024,G3,30664 00146,6
KH79,6-10-2024,G2,49727,7
KH79,6-10-2024,G1,74051,8
KH79,6-10-2024,ĐB,905378,9
KH79,9-10-2024,G8,35,0
KH79,9-10-2024,G7,917,1
KH79,9-10-2024,G6,4959 0828 8780,2
KH79,9-10-2024,G5,5374,3
KH79,9-10-2024,G4,56067 80221 99938 95065 88644 16725 90948,4
KH79,9-10-2024,G3,91118 12653,6
KH79,9-10-2024,G2,42216,7
KH79,9-10-2024,G1,90493,8
KH79,9-10-2024,ĐB,932806,9
KH79,13-10-2024,G8,76,0
KH79,13-10-2024,G7,520,1
KH79,13-10-2024,G6,7530 0665 3503,2
KH79,13-10-2024,G5,2827,3
KH79,13-10-2024,G4,33879 32074 34053 11993 42308 53208 55781,4
KH79,13-10-2024,G3,77377 18774,6
KH79,13-10-2024,G2,52830,7
KH79,13-10-2024,G1,43574,8
KH79,13-10-2024,ĐB,102182,9
KH79,16-10-2024,G8,51,0
KH79,16-10-2024,G7,143,1
KH79,16-10-2024,G6,6750 8359 6441,2
KH79,16-10-2024,G5,3540,3
KH79,16-10-2024,G4,53951 15311 50677 56561 07837 41598 93151,4
KH79,16-10-2024,G3,57705 70833,6
KH79,16-10-2024,G2,91790,7
KH79,16-10-2024,G1,08506,8
KH79,16-10-2024,ĐB,322496,9
KH79,20-10-2024,G8,88,0
KH79,20-10-2024,G7,301,1
KH79,20-10-2024,G6,5892 5919 2340,2
KH79,20-10-2024,G5,0045,3
KH79,20-10-2024,G4,46907 10519 04154 67179 82013 32671 80752,4
KH79,20-10-2024,G3,50080 26042,6
KH79,20-10-2024,G2,67489,7
KH79,20-10-2024,G1,23018,8
KH79,20-10-2024,ĐB,853766,9
KH79,23-10-2024,G8,61,0
KH79,23-10-2024,G7,530,1
KH79,23-10-2024,G6,5339 1151 5731,2
KH79,23-10-2024,G5,9152,3
KH79,23-10-2024,G4,17341 56318 16072 15220 06422 60770 80853,4
KH79,23-10-2024,G3,12316 56289,6
KH79,23-10-2024,G2,21548,7
KH79,23-10-2024,G1,86046,8
KH79,23-10-2024,ĐB,647225,9
KH79,30-10-2024,G8,68,0
KH79,30-10-2024,G7,943,1
KH79,30-10-2024,G6,1535 9876 1365,2
KH79,30-10-2024,G5,1678,3
KH79,30-10-2024,G4,71213 11474 03569 30894 66005 36352 43835,4
KH79,30-10-2024,G3,93655 59193,6
KH79,30-10-2024,G2,86770,7
KH79,30-10-2024,G1,80096,8
KH79,30-10-2024,ĐB,145723,9
KH79,3-11-2024,G8,62,0
KH79,3-11-2024,G7,601,1
KH79,3-11-2024,G6,3761 4582 0572,2
KH79,3-11-2024,G5,3255,3
KH79,3-11-2024,G4,29684 49912 44835 93528 60719 56764 35487,4
KH79,3-11-2024,G3,48440 53399,6
KH79,3-11-2024,G2,06282,7
KH79,3-11-2024,G1,06086,8
KH79,3-11-2024,ĐB,950381,9
KH79,1-1-2025,G8,67,0
KH79,1-1-2025,G7,191,1
KH79,1-1-2025,G6,1275 3000 3947,2
KH79,1-1-2025,G5,6198,3
KH79,1-1-2025,G4,30001 55234 60691 93910 07485 77321 80383,4
KH79,1-1-2025,G3,45885 41921,6
KH79,1-1-2025,G2,71797,7
KH79,1-1-2025,G1,22946,8
KH79,1-1-2025,ĐB,866605,9
KH79,10-11-2024,G8,29,0
KH79,10-11-2024,G7,597,1
KH79,10-11-2024,G6,2844 6439 8142,2
KH79,10-11-2024,G5,8806,3
KH79,10-11-2024,G4,92439 64002 46432 34644 11209 66043 35733,4
KH79,10-11-2024,G3,96600 34049,6
KH79,10-11-2024,G2,52172,7
KH79,10-11-2024,G1,60601,8
KH79,10-11-2024,ĐB,620914,9
KH79,13-11-2024,G8,63,0
KH79,13-11-2024,G7,390,1
KH79,13-11-2024,G6,2369 3216 0054,2
KH79,13-11-2024,G5,4099,3
KH79,13-11-2024,G4,41805 16442 33093 77104 22938 81494 03398,4
KH79,13-11-2024,G3,72631 91602,6
KH79,13-11-2024,G2,89685,7
KH79,13-11-2024,G1,58304,8
KH79,13-11-2024,ĐB,318229,9
KH79,17-11-2024,G8,68,0
KH79,17-11-2024,G7,567,1
KH79,17-11-2024,G6,8496 9379 6484,2
KH79,17-11-2024,G5,3822,3
KH79,17-11-2024,G4,31883 17532 96722 58639 12291 94921 89372,4
KH79,17-11-2024,G3,43060 72083,6
KH79,17-11-2024,G2,81204,7
KH79,17-11-2024,G1,42379,8
KH79,17-11-2024,ĐB,082849,9
KH79,20-11-2024,G8,81,0
KH79,20-11-2024,G7,670,1
KH79,20-11-2024,G6,0787 3305 2641,2
KH79,20-11-2024,G5,9499,3
KH79,20-11-2024,G4,79480 42813 24745 15083 27126 50505 65022,4
KH79,20-11-2024,G3,49027 18784,6
KH79,20-11-2024,G2,76544,7
KH79,20-11-2024,G1,54587,8
KH79,20-11-2024,ĐB,451065,9
KH79,24-11-2024,G8,10,0
KH79,24-11-2024,G7,655,1
KH79,24-11-2024,G6,2516 4571 2537,2
KH79,24-11-2024,G5,0784,3
KH79,24-11-2024,G4,11083 23605 70809 04908 45043 32430 43027,4
KH79,24-11-2024,G3,04615 91319,6
KH79,24-11-2024,G2,14276,7
KH79,24-11-2024,G1,30279,8
KH79,24-11-2024,ĐB,890780,9
KH79,27-11-2024,G8,90,0
KH79,27-11-2024,G7,144,1
KH79,27-11-2024,G6,8909 0404 3531,2
KH79,27-11-2024,G5,0137,3
KH79,27-11-2024,G4,13018 56080 22080 75711 11769 06240 79148,4
KH79,27-11-2024,G3,52819 30546,6
KH79,27-11-2024,G2,59275,7
KH79,27-11-2024,G1,21084,8
KH79,27-11-2024,ĐB,999670,9
KH79,1-12-2024,G8,81,0
KH79,1-12-2024,G7,140,1
KH79,1-12-2024,G6,9845 0147 6053,2
KH79,1-12-2024,G5,4598,3
KH79,1-12-2024,G4,62372 28172 79718 65625 12186 65583 12136,4
KH79,1-12-2024,G3,80188 64678,6
KH79,1-12-2024,G2,11214,7
KH79,1-12-2024,G1,94347,8
KH79,1-12-2024,ĐB,139966,9
KH79,4-12-2024,G8,07,0
KH79,4-12-2024,G7,429,1
KH79,4-12-2024,G6,8808 0188 3330,2
KH79,4-12-2024,G5,1826,3
KH79,4-12-2024,G4,99698 29084 50017 95497 29641 08384 55359,4
KH79,4-12-2024,G3,75398 04110,6
KH79,4-12-2024,G2,30396,7
KH79,4-12-2024,G1,98981,8
KH79,4-12-2024,ĐB,889586,9
KH79,8-12-2024,G8,72,0
KH79,8-12-2024,G7,625,1
KH79,8-12-2024,G6,2656 4137 8798,2
KH79,8-12-2024,G5,2772,3
KH79,8-12-2024,G4,43356 46332 94131 56938 09733 10932 54490,4
KH79,8-12-2024,G3,58742 66240,6
KH79,8-12-2024,G2,34090,7
KH79,8-12-2024,G1,16011,8
KH79,8-12-2024,ĐB,595848,9
KH79,11-12-2024,G8,88,0
KH79,11-12-2024,G7,440,1
KH79,11-12-2024,G6,7995 0010 7973,2
KH79,11-12-2024,G5,8631,3
KH79,11-12-2024,G4,32441 40700 80966 96957 32366 87754 81464,4
KH79,11-12-2024,G3,06079 10015,6
KH79,11-12-2024,G2,63849,7
KH79,11-12-2024,G1,91112,8
KH79,11-12-2024,ĐB,261394,9
KH79,15-12-2024,G8,69,0
KH79,15-12-2024,G7,549,1
KH79,15-12-2024,G6,9241 5228 7228,2
KH79,15-12-2024,G5,3603,3
KH79,15-12-2024,G4,56302 73709 06402 88910 39759 21396 78416,4
KH79,15-12-2024,G3,26636 01122,6
KH79,15-12-2024,G2,96954,7
KH79,15-12-2024,G1,69054,8
KH79,15-12-2024,ĐB,085943,9
KH79,18-12-2024,G8,26,0
KH79,18-12-2024,G7,890,1
KH79,18-12-2024,G6,1420 7796 4112,2
KH79,18-12-2024,G5,6840,3
KH79,18-12-2024,G4,79054 44309 81080 33603 23644 22695 16721,4
KH79,18-12-2024,G3,03814 04276,6
KH79,18-12-2024,G2,66768,7
KH79,18-12-2024,G1,64213,8
KH79,18-12-2024,ĐB,182546,9
KH79,22-12-2024,G8,08,0
KH79,22-12-2024,G7,733,1
KH79,22-12-2024,G6,4898 7408 2735,2
KH79,22-12-2024,G5,2816,3
KH79,22-12-2024,G4,05748 19488 72922 34207 16025 13024 64961,4
KH79,22-12-2024,G3,95033 00048,6
KH79,22-12-2024,G2,57480,7
KH79,22-12-2024,G1,18327,8
KH79,22-12-2024,ĐB,760556,9
KH79,29-12-2024,G8,32,0
KH79,29-12-2024,G7,010,1
KH79,29-12-2024,G6,6039 3333 4654,2
KH79,29-12-2024,G5,6328,3
KH79,29-12-2024,G4,84856 58134 39002 33234 17266 61558 02721,4
KH79,29-12-2024,G3,38791 37654,6
KH79,29-12-2024,G2,62559,7
KH79,29-12-2024,G1,86540,8
KH79,29-12-2024,ĐB,608216,9
